{
  "kind": "collectionType",
  "collectionName": "projects",
  "info": {
    "singularName": "project",
    "pluralName": "projects",
    "displayName": "Project",
    "description": ""
  },
  "options": {
    "draftAndPublish": false
  },
  "pluginOptions": {
    "i18n": {
      "localized": true
    }
  },
  "attributes": {
    "name": {
      "type": "string"
    },
    "period": {
      "type": "string"
    },
    "image": {
      "type": "media",
      "multiple": false,
      "required": false,
      "allowedTypes": [
        "images"
      ]
    },
    "video": {
      "type": "media",
      "multiple": false,
      "required": false,
      "allowedTypes": [
        "videos"
      ]
    },
    "technology": {
      "type": "relation",
      "relation": "manyToOne",
      "target": "api::technology.technology",
      "inversedBy": "project"
    },
    "company": {
      "type": "relation",
      "relation": "manyToOne",
      "target": "api::company.company",
      "inversedBy": "project"
    },
    "contents": {
      "type": "component",
      "pluginOptions": {
        "i18n": {
          "localized": true
        }
      },
      "repeatable": true,
      "component": "basic.contents",
      "required": false
    }
  }
}
