{
  "kind": "collectionType",
  "collectionName": "companies",
  "info": {
    "singularName": "company",
    "pluralName": "companies",
    "displayName": "Company",
    "description": ""
  },
  "options": {
    "draftAndPublish": false
  },
  "pluginOptions": {},
  "attributes": {
    "name": {
      "type": "string"
    },
    "period": {
      "type": "string"
    },
    "project": {
      "type": "relation",
      "relation": "oneToMany",
      "target": "api::project.project",
      "mappedBy": "company"
    },
    "technology": {
      "type": "relation",
      "relation": "manyToMany",
      "target": "api::technology.technology"
    },
    "image": {
      "type": "media",
      "multiple": false,
      "required": false,
      "allowedTypes": [
        "images"
      ]
    },
    "contents": {
      "type": "component",
      "pluginOptions": {
        "i18n": {
          "localized": true
        }
      },
      "repeatable": true,
      "component": "basic.contents",
      "required": false
    }
  }
}
