{
  "kind": "singleType",
  "collectionName": "profiles",
  "info": {
    "singularName": "profile",
    "pluralName": "profiles",
    "displayName": "Profile",
    "description": ""
  },
  "options": {
    "draftAndPublish": false
  },
  "pluginOptions": {
    "i18n": {
      "localized": true
    }
  },
  "attributes": {
    "name": {
      "type": "string"
    },
    "experience": {
      "type": "string"
    },
    "summary": {
      "type": "string"
    },
    "email": {
      "type": "string"
    },
    "address": {
      "type": "string"
    },
    "introduce": {
      "type": "richtext"
    },
    "technology_proficient": {
      "type": "relation",
      "relation": "manyToMany",
      "target": "api::technology.technology"
    },
    "technology_knowledge": {
      "type": "relation",
      "relation": "manyToMany",
      "target": "api::technology.technology"
    },
    "cv": {
      "type": "media",
      "multiple": false,
      "required": false,
      "allowedTypes": [
        "files"
      ]
    },
    "image": {
      "type": "media",
      "multiple": false,
      "required": false,
      "allowedTypes": [
        "images"
      ]
    },
    "contents": {
      "type": "component",
      "pluginOptions": {
        "i18n": {
          "localized": true
        }
      },
      "repeatable": true,
      "component": "basic.contents",
      "required": false
    }
  }
}
