{
  "kind": "collectionType",
  "collectionName": "technologies",
  "info": {
    "singularName": "technology",
    "pluralName": "technologies",
    "displayName": "Technology",
    "description": ""
  },
  "options": {
    "draftAndPublish": false
  },
  "pluginOptions": {},
  "attributes": {
    "name": {
      "type": "string"
    },
    "image": {
      "type": "media",
      "multiple": false,
      "required": false,
      "allowedTypes": [
        "images"
      ]
    },
    "company": {
      "type": "relation",
      "relation": "manyToMany",
      "target": "api::company.company"
    },
    "project": {
      "type": "relation",
      "relation": "oneToMany",
      "target": "api::project.project",
      "mappedBy": "technology"
    }
  }
}
